StationID,Trains
0,4 Avenue,25th St,R,FALSE,40.660397,-73.998091
1,4 Avenue,36th St,D,TRUE,40.655144,-74.003549
1,4 Avenue,36th St,N,TRUE,40.655144,-74.003549
1,4 Avenue,36th St,R,TRUE,40.655144,-74.003549
2,4 Avenue,45th St,R,FALSE,40.648939,-74.010006
3,4 Avenue,53rd St,R,FALSE,40.645069,-74.014034
4,4 Avenue,59th St,N,TRUE,40.641362,-74.017881
4,4 Avenue,59th St,R,TRUE,40.641362,-74.017881
5,4 Avenue,77th St,R,FALSE,40.629742,-74.02551
6,4 Avenue,86th St,R,,,,,,,,,,,,FALSE,40.622687,-74.028398
7,4 Avenue,95th St,R,,,,,,,,,,,,FALSE,40.616622,-74.030876
8,4 Avenue,4th Av - 9th St,F,,,,,,,,,,,,TRUE,40.670847,-73.988302
8,4 Avenue,4th Av - 9th St,,G,,,,,,,,,,,TRUE,40.670847,-73.988302
8,4 Avenue,4th Av - 9th St,,,R,,,,,,,,,,TRUE,40.670847,-73.988302
9,4 Avenue,Atlantic Av - Barclays Ctr,B,,,,,,,,,,,,TRUE,40.683666,-73.97881
9,4 Avenue,Atlantic Av - Barclays Ctr,,Q,,,,,,,,,,,TRUE,40.683666,-73.97881
9,4 Avenue,Atlantic Av - Barclays Ctr,,,D,,,,,,,,,,TRUE,40.683666,-73.97881
9,4 Avenue,Atlantic Av - Barclays Ctr,,,,N,,,,,,,,,TRUE,40.683666,-73.97881
9,4 Avenue,Atlantic Av - Barclays Ctr,,,,,R,,,,,,,,TRUE,40.683666,-73.97881
9,4 Avenue,Atlantic Av - Barclays Ctr,,,,,,2,,,,,,,TRUE,40.683666,-73.97881
9,4 Avenue,Atlantic Av - Barclays Ctr,,,,,,,3,,,,,,TRUE,40.683666,-73.97881
9,4 Avenue,Atlantic Av - Barclays Ctr,,,,,,,,4,,,,,TRUE,40.683666,-73.97881
9,4 Avenue,Atlantic Av - Barclays Ctr,,,,,,,,,5,,,,TRUE,40.683666,-73.97881
10,4 Avenue,Bay Ridge Av,R,FALSE,40.634967,-74.023377
11,4 Avenue,DeKalb Av,B,,,,,,,,,,,,TRUE,40.690635,-73.981824
11,4 Avenue,DeKalb Av,,Q,,,,,,,,,,,TRUE,40.690635,-73.981824
11,4 Avenue,DeKalb Av,,,R,,,,,,,,,,TRUE,40.690635,-73.981824
12,4 Avenue,Prospect Av,R,,,,,,,,,,,,FALSE,40.665414,-73.992872
13,4 Avenue,Union St,R,,,,,,,,,,,,FALSE,40.677316,-73.98311
14,Astoria,30 Av,N,,,,,,,,,,,,TRUE,40.766779,-73.921479
14,Astoria,30 Av,,W,,,,,,,,,,,TRUE,40.766779,-73.921479
15,Astoria,36 Av,N,,,,,,,,,,,,TRUE,40.756804,-73.929575
15,Astoria,36 Av,,W,,,,,,,,,,,TRUE,40.756804,-73.929575
16,Astoria,39 Av,N,,,,,,,,,,,,TRUE,40.752882,-73.932755
16,Astoria,39 Av,,W,,,,,,,,,,,TRUE,40.752882,-73.932755
17,Astoria,Astoria Blvd,N,,,,,,,,,,,,TRUE,40.770258,-73.917843
17,Astoria,Astoria Blvd,,W,,,,,,,,,,,TRUE,40.770258,-73.917843
18,Astoria,Broadway,N,,,,,,,,,,,,TRUE,40.76182,-73.925508
18,Astoria,Broadway,,W,,,,,,,,,,,TRUE,40.76182,-73.925508
19,Astoria,Astoria - Ditmars Blvd,N,,,,,,,,,,,,TRUE,40.775036,-73.912034
19,Astoria,Astoria - Ditmars Blvd,,W,,,,,,,,,,,TRUE,40.775036,-73.912034
20,Brighton,7th Av,B,,,,,,,,,,,,TRUE,40.67705,-73.972367
20,Brighton,7th Av,,Q,,,,,,,,,,,TRUE,40.67705,-73.972367
21,Brighton,Av H,,,,,,,,,,,,,FALSE,40.62927,-73.961639
21,Brighton,Av ,Q,,,,,,,,,,,,FALSE,40.62927,-73.961639
22,Brighton,Av J,,,,,,,,,,,,,FALSE,40.625039,-73.960803
22,Brighton,Av ,Q,,,,,,,,,,,,FALSE,40.625039,-73.960803
23,Brighton,Av M,,,,,,,,,,,,,FALSE,40.617618,-73.959399
23,Brighton,Av ,Q,,,,,,,,,,,,FALSE,40.617618,-73.959399
24,Brighton,Av U,,,,,,,,,,,,,FALSE,40.5993,-73.955929
24,Brighton,Av ,Q,,,,,,,,,,,,FALSE,40.5993,-73.955929
25,Brighton,Beverly Rd,Q,,,,,,,,,,,,FALSE,40.644031,-73.964492
26,Brighton,Brighton Beach,B,,,,,,,,,,,,TRUE,40.577621,-73.961376
26,Brighton,Brighton Beach,,Q,,,,,,,,,,,TRUE,40.577621,-73.961376
27,Brighton,Church Av,B,,,,,,,,,,,,TRUE,40.650527,-73.962982
27,Brighton,Church Av,,Q,,,,,,,,,,,TRUE,40.650527,-73.962982
28,Brighton,Cortelyou Rd,Q,,,,,,,,,,,,FALSE,40.640927,-73.963891
29,Brighton,Kings Highway,B,,,,,,,,,,,,TRUE,40.60867,-73.957734
29,Brighton,Kings Highway,,Q,,,,,,,,,,,TRUE,40.60867,-73.957734
30,Brighton,Neck Rd,Q,,,,,,,,,,,,FALSE,40.595246,-73.955161
31,Brighton,Newkirk Av,B,,,,,,,,,,,,TRUE,40.635082,-73.962793
31,Brighton,Newkirk Av,,Q,,,,,,,,,,,TRUE,40.635082,-73.962793
32,Brighton,Ocean Parkway,Q,,,,,,,,,,,,FALSE,40.576312,-73.968501
33,Brighton,Parkside Av,Q,,,,,,,,,,,,FALSE,40.655292,-73.961495
34,Brighton,Prospect Park,B,,,,,,,,,,,,TRUE,40.661614,-73.962246
34,Brighton,Prospect Park,,Q,,,,,,,,,,,TRUE,40.661614,-73.962246
34,Brighton,Prospect Park,,,S2,,,,,,,,,,TRUE,40.661614,-73.962246
35,Brighton,Sheepshead Bay,B,,,,,,,,,,,,TRUE,40.586896,-73.954155
35,Brighton,Sheepshead Bay,,Q,,,,,,,,,,,TRUE,40.586896,-73.954155
36,Brighton,Stillwell Av,D,,,,,,,,,,,,TRUE,40.577422,-73.981233
36,Brighton,Stillwell Av,,F,,,,,,,,,,,TRUE,40.577422,-73.981233
36,Brighton,Stillwell Av,,,N,,,,,,,,,,TRUE,40.577422,-73.981233
36,Brighton,Stillwell Av,,,,Q,,,,,,,,,TRUE,40.577422,-73.981233
37,Brighton,West 8th St - New York Aquarium,F,,,,,,,,,,,,TRUE,40.576127,-73.975939
37,Brighton,West 8th St - New York Aquarium,,Q,,,,,,,,,,,TRUE,40.576127,-73.975939
38,Broadway,23rd St,R,,,,,,,,,,,,TRUE,40.741303,-73.989344
38,Broadway,23rd St,,W,,,,,,,,,,,TRUE,40.741303,-73.989344
39,Broadway,28th St,R,,,,,,,,,,,,TRUE,40.745494,-73.988691
39,Broadway,28th St,,W,,,,,,,,,,,TRUE,40.745494,-73.988691
40,Broadway,34th St - Herald Sq,B,,,,,,,,,,,,TRUE,40.749567,-73.98795
40,Broadway,34th St - Herald Sq,,D,,,,,,,,,,,TRUE,40.749567,-73.98795
40,Broadway,34th St - Herald Sq,,,F,,,,,,,,,,TRUE,40.749567,-73.98795
40,Broadway,34th St - Herald Sq,,,,M,,,,,,,,,TRUE,40.749567,-73.98795
40,Broadway,34th St - Herald Sq,,,,,N,,,,,,,,TRUE,40.749567,-73.98795
40,Broadway,34th St - Herald Sq,,,,,,Q,,,,,,,TRUE,40.749567,-73.98795
40,Broadway,34th St - Herald Sq,,,,,,,R,,,,,,TRUE,40.749567,-73.98795
40,Broadway,34th St - Herald Sq,,,,,,,,W,,,,,TRUE,40.749567,-73.98795
41,Broadway,49th St,N,,,,,,,,,,,,TRUE,40.759901,-73.984139
41,Broadway,49th St,,R,,,,,,,,,,,TRUE,40.759901,-73.984139
41,Broadway,49th St,,,W,,,,,,,,,,TRUE,40.759901,-73.984139
42,Broadway,57th St - 7th Av,N,,,,,,,,,,,,TRUE,40.764664,-73.980658
42,Broadway,57th St - 7th Av,,Q,,,,,,,,,,,TRUE,40.764664,-73.980658
42,Broadway,57th St - 7th Av,,,R,,,,,,,,,,TRUE,40.764664,-73.980658
42,Broadway,57th St - 7th Av,,,,W,,,,,,,,,TRUE,40.764664,-73.980658
43,Broadway,5th Av - 59 St,N,,,,,,,,,,,,TRUE,40.764811,-73.973347
43,Broadway,5th Av - 59 St,,R,,,,,,,,,,,TRUE,40.764811,-73.973347
43,Broadway,5th Av - 59 St,,,W,,,,,,,,,,TRUE,40.764811,-73.973347
44,Broadway,8th St - NYU,R,,,,,,,,,,,,TRUE,40.730328,-73.992629
44,Broadway,8th St - NYU,,W,,,,,,,,,,,TRUE,40.730328,-73.992629
45,Broadway,Canal St,J,N,Q,R,W,Z,6,,,,,,TRUE,40.719527,-74.001775
46,Broadway,City Hall,R,,,,,,,,,,,,FALSE,40.713282,-74.006978
47,Broadway,Cortlandt St,R,W,,,,,,,,,,,TRUE,40.710668,-74.011029
48,Broadway,Jay St - Metrotech,A,C,F,R,,,,,,,,,TRUE,40.69218,-73.985942
49,Broadway,Lexington Av - 59th St,N,R,W,4,5,6,,,,,,,TRUE,40.76266,-73.967258
50,Broadway,Prince St,N,R,,,,,,,,,,,TRUE,40.724329,-73.997702
51,Broadway,Rector St,R,W,,,,,,,,,,,TRUE,40.70722,-74.013342
52,Broadway,Times Square - 42nd St ,A,C,E,N,Q,R,W,1,2,3,7,S1,TRUE,40.754672,-73.986754
53,Broadway,14th St - Union Square,L,N,Q,R,W,4,5,6,,,,,TRUE,40.735736,-73.990568
54,Broadway,Whitehall St - South Ferry,R,W,1,,,,,,,,,,TRUE,40.703087,-74.012994
55,Broadway Jamaica,104th St,J,Z,,,,,,,,,,,TRUE,40.695178,-73.84433
56,Broadway Jamaica,111th St,J,,,,,,,,,,,,FALSE,40.697418,-73.836345
57,Broadway Jamaica,121st St,J,Z,,,,,,,,,,,TRUE,40.700492,-73.828294
58,Broadway Jamaica,Alabama Av,J,,,,,,,,,,,,FALSE,40.676992,-73.898654
59,Broadway Jamaica,Chauncey St,J,Z,,,,,,,,,,,TRUE,40.682893,-73.910456
60,Broadway Jamaica,Cleveland St,J,,,,,,,,,,,,FALSE,40.679947,-73.884639
61,Broadway Jamaica,Crescent St,J,Z,,,,,,,,,,,TRUE,40.683194,-73.873785
62,Broadway Jamaica,Cypress Hills,J,,,,,,,,,,,,FALSE,40.689941,-73.87255
63,Broadway Jamaica,75th St - Elderts Ln,J,Z,,,,,,,,,,,TRUE,40.691324,-73.867139
64,Broadway Jamaica,Flushing Av,J,M,,,,,,,,,,,TRUE,40.70026,-73.941126
65,Broadway Jamaica,85th St - Forest Parkway,J,,,,,,,,,,,,FALSE,40.692435,-73.86001
66,Broadway Jamaica,Gates Av,J,Z,,,,,,,,,,,TRUE,40.68963,-73.92227
67,Broadway Jamaica,Halsey St,J,,,,,,,,,,,,FALSE,40.68637,-73.916559
68,Broadway Jamaica,Hewes St,J,M,,,,,,,,,,,TRUE,40.70687,-73.953431
69,Broadway Jamaica,Kosciusko St,J,,,,,,,,,,,,FALSE,40.693342,-73.928814
70,Broadway Jamaica,Marcy Av,J,M,Z,,,,,,,,,,TRUE,40.708359,-73.957757
71,Broadway Jamaica,Myrtle Av,J,M,Z,,,,,,,,,,TRUE,40.697207,-73.935657
72,Broadway Jamaica,Norwood Av,J,Z,,,,,,,,,,,TRUE,40.68141,-73.880039
73,Broadway Jamaica,Van Siclen Av,J,Z,,,,,,,,,,,TRUE,40.678024,-73.891688
74,Broadway Jamaica,Woodhaven Blvd,J,Z,,,,,,,,,,,TRUE,40.693879,-73.851576
75,Canarsie,1st Av,L,,,,,,,,,,,,FALSE,40.730953,-73.981628
76,Canarsie,3rd Av,L,,,,,,,,,,,,FALSE,40.732849,-73.986122
77,Canarsie,14th St - 8 Av,A,C,E,L,,,,,,,,,TRUE,40.739777,-74.002578
78,Canarsie,Atlantic Av,L,,,,,,,,,,,,FALSE,40.675345,-73.903097
79,Canarsie,Bedford Av,L,,,,,,,,,,,,FALSE,40.717304,-73.956872
80,Canarsie,Bushwick Av,L,,,,,,,,,,,,FALSE,40.682829,-73.905249
81,Canarsie,Canarsie - Rockaway Parkway,L,,,,,,,,,,,,FALSE,40.645957,-73.901741
82,Canarsie,Canarsie - Rockaway Parkway,L,,,,,,,,,,,,FALSE,40.645757,-73.9025
83,Canarsie,Canarsie - Rockaway Parkway,L,,,,,,,,,,,,FALSE,40.646654,-73.90185
84,Canarsie,DeKalb Av,L,,,,,,,,,,,,FALSE,40.703811,-73.918425
85,Canarsie,East 105th St,L,,,,,,,,,,,,FALSE,40.650573,-73.899485
86,Canarsie,Graham Av,L,,,,,,,,,,,,FALSE,40.714565,-73.944053
87,Canarsie,Grand St,L,,,,,,,,,,,,FALSE,40.711926,-73.94067
88,Canarsie,Halsey St,L,,,,,,,,,,,,FALSE,40.695602,-73.904084
89,Canarsie,Jefferson St,L,,,,,,,,,,,,FALSE,40.706607,-73.922913
90,Canarsie,Livonia Av,L,,,,,,,,,,,,FALSE,40.664038,-73.900571
91,Canarsie,Lorimer St - Metropolitan Av,G,L,,,,,,,,,,,TRUE,40.714063,-73.950275
92,Canarsie,Montrose Av,L,,,,,,,,,,,,FALSE,40.707739,-73.93985
93,Canarsie,Morgan Av,L,,,,,,,,,,,,FALSE,40.706152,-73.933147
94,Canarsie,Myrtle - Wyckoff Avs,L,M,,,,,,,,,,,TRUE,40.699814,-73.911586
95,Canarsie,New Lots Av,L,,,,,,,,,,,,FALSE,40.658733,-73.899232
96,Canarsie,Sutter Av,L,,,,,,,,,,,,FALSE,40.669367,-73.901975
97,Canarsie,Wilson Av,L,,,,,,,,,,,,FALSE,40.688764,-73.904046
98,Franklin,Franklin Av,C,S2,,,,,,,,,,,TRUE,40.680596,-73.955827
99,Franklin,Park Place,S2,,,,,,,,,,,,FALSE,40.674772,-73.957624
100,Myrtle,Central Av,M,,,,,,,,,,,,FALSE,40.697857,-73.927397
101,Myrtle,Forest Av,M,,,,,,,,,,,,FALSE,40.704423,-73.903077
102,Myrtle,Fresh Pond Rd,M,,,,,,,,,,,,FALSE,40.706186,-73.895877
103,Myrtle,Knickerbocker Av,M,,,,,,,,,,,,FALSE,40.698664,-73.919711
104,Myrtle,Middle Village - Metropolitan Av,M,,,,,,,,,,,,FALSE,40.711396,-73.889601
105,Myrtle,Seneca Av,M,,,,,,,,,,,,FALSE,40.702762,-73.90774
106,Nassau,Bowery,J,Z,,,,,,,,,,,TRUE,40.72028,-73.993915
107,Nassau,Broad St,J,Z,,,,,,,,,,,TRUE,40.706476,-74.011056
108,Sea Beach,18th Av,N,,,,,,,,,,,,FALSE,40.620671,-73.990414
109,Sea Beach,20th Av,N,,,,,,,,,,,,FALSE,40.61741,-73.985026
110,Sea Beach,86th St,N,,,,,,,,,,,,FALSE,40.592721,-73.97823
111,Sea Beach,8th Av,N,,,,,,,,,,,,FALSE,40.635064,-74.011719
112,Sea Beach,Av U,N,,,,,,,,,,,,FALSE,40.597473,-73.979137
113,Sea Beach,Bay Parkway,N,,,,,,,,,,,,FALSE,40.611815,-73.981848
114,Sea Beach,Fort Hamilton Parkway,N,,,,,,,,,,,,FALSE,40.631386,-74.005351
115,Sea Beach,Kings Highway,N,,,,,,,,,,,,FALSE,40.603923,-73.980353
116,West End,18th Av,D,,,,,,,,,,,,FALSE,40.607954,-74.001736
117,West End,20th Av,D,,,,,,,,,,,,FALSE,40.604556,-73.998168
118,West End,25th Av,D,,,,,,,,,,,,FALSE,40.597704,-73.986829
119,West End,50th St,D,,,,,,,,,,,,FALSE,40.63626,-73.994791
120,West End,55th St,D,,,,,,,,,,,,FALSE,40.631435,-73.995476
121,West End,62nd St - New Utrecht Av,D,N,,,,,,,,,,,TRUE,40.626472,-73.996895
122,West End,71st St,D,,,,,,,,,,,,FALSE,40.619589,-73.998864
123,West End,79th St,D,,,,,,,,,,,,FALSE,40.613501,-74.00061
124,West End,9th Av,D,,,,,,,,,,,,FALSE,40.646292,-73.994324
125,West End,Bay 50th St,D,,,,,,,,,,,,FALSE,40.588841,-73.983765
126,West End,Bay Parkway,D,,,,,,,,,,,,FALSE,40.601875,-73.993728
127,West End,Fort Hamilton Parkway,D,,,,,,,,,,,,FALSE,40.640914,-73.994304
128,63rd Street,21st St,F,,,,,,,,,,,,FALSE,40.754203,-73.942836
129,63rd Street,Lexington Av - 63rd St,F,Q,,,,,,,,,,,TRUE,40.764627,-73.96611
130,63rd Street,Roosevelt Island,F,,,,,,,,,,,,FALSE,40.759145,-73.95326
131,6 Avenue,14th St - 6 Av,F,L,M,1,2,3,,,,,,,TRUE,40.738228,-73.996209
132,6 Avenue,23rd St,F,M,,,,,,,,,,,TRUE,40.742878,-73.992821
133,6 Avenue,2nd Av,F,,,,,,,,,,,,FALSE,40.723402,-73.989938
134,6 Avenue,42nd St - Bryant Park,B,D,F,M,7,,,,,,,,TRUE,40.754222,-73.984569
135,6 Avenue,47-50th Sts - Rockefeller Center,B,D,F,M,,,,,,,,,TRUE,40.758663,-73.981329
136,6 Avenue,57th St,F,,,,,,,,,,,,FALSE,40.763972,-73.97745
137,6 Avenue,7th Av,F,,,,,,,,,,,,FALSE,40.666271,-73.980305
138,6 Avenue,Bergen St,F,G,,,,,,,,,,,TRUE,40.686145,-73.990862
139,6 Avenue,Broadway - Lafayette St (Bleecker St),B,D,F,M,6,,,,,,,,TRUE,40.725297,-73.996204
140,6 Avenue,Carroll St,F,G,,,,,,,,,,,TRUE,40.680303,-73.995048
141,6 Avenue,Church Av,F,,,,,,,,,,,,FALSE,40.644041,-73.979678
142,6 Avenue,Delancey St,F,J,M,Z,,,,,,,,,TRUE,40.718611,-73.988114
143,6 Avenue,East Broadway,F,,,,,,,,,,,,FALSE,40.713715,-73.990173
144,6 Avenue,Fort Hamilton Parkway,F,,,,,,,,,,,,FALSE,40.650782,-73.975776
145,6 Avenue,Grand St,B,D,,,,,,,,,,,TRUE,40.718267,-73.993753
146,6 Avenue,15 St - Prospect Park,F,,,,,,,,,,,,FALSE,40.660365,-73.979493
147,6 Avenue,Smith - 9th Sts,F,G,R,,,,,,,,,,TRUE,40.67358,-73.995959
148,6 Avenue,York St,F,,,,,,,,,,,,FALSE,40.699743,-73.986885
149,8 Avenue,103rd St,B,C,,,,,,,,,,,TRUE,40.796092,-73.961454
150,8 Avenue,116th St,B,C,,,,,,,,,,,TRUE,40.805085,-73.954882
151,8 Avenue,125th St,A,B,C,D,,,,,,,,,TRUE,40.811109,-73.952343
152,8 Avenue,135th St,B,C,,,,,,,,,,,TRUE,40.817894,-73.947649
153,8 Avenue,145th St,A,B,C,D,,,,,,,,,TRUE,40.824783,-73.944216
154,8 Avenue,155th St,C,,,,,,,,,,,,FALSE,40.830518,-73.941514
155,8 Avenue,163rd St - Amsterdam Av,C,,,,,,,,,,,,FALSE,40.836013,-73.939892
156,8 Avenue,168th St,A,C,,,,,,,,,,,TRUE,40.840719,-73.939561
157,8 Avenue,175th St,A,,,,,,,,,,,,FALSE,40.847391,-73.939704
158,8 Avenue,181st St,A,,,,,,,,,,,,FALSE,40.851695,-73.937969
159,8 Avenue,190th St,A,,,,,,,,,,,,FALSE,40.859022,-73.93418
160,8 Avenue,23rd St,C,E,,,,,,,,,,,TRUE,40.745906,-73.998041
161,8 Avenue,34th St - Penn Station,A,C,E,,,,,,,,,,TRUE,40.752287,-73.993391
162,8 Avenue,50th St,C,E,,,,,,,,,,,TRUE,40.762456,-73.985984
163,8 Avenue,59th St - Columbus Circle,A,B,C,D,1,,,,,,,,TRUE,40.768296,-73.981736
164,8 Avenue,72nd St,B,C,,,,,,,,,,,TRUE,40.775594,-73.97641
165,8 Avenue,81st St - Museum of Natural History,B,C,,,,,,,,,,,TRUE,40.781433,-73.972143
166,8 Avenue,86th St,B,C,,,,,,,,,,,TRUE,40.785868,-73.968916
167,8 Avenue,96th St,B,C,,,,,,,,,,,TRUE,40.791646,-73.964699
168,8 Avenue,Canal St,A,C,E,,,,,,,,,,TRUE,40.720824,-74.005229
169,8 Avenue,Cathedral Parkway - 110th St,B,C,,,,,,,,,,,TRUE,40.800605,-73.958158
170,8 Avenue,Chambers St - Park Place - World Trade Center,A,C,E,2,3,,,,,,,,TRUE,40.714111,-74.008585
171,8 Avenue,Dyckman St,A,,,,,,,,,,,,FALSE,40.865491,-73.927271
172,8 Avenue,High St,A,C,,,,,,,,,,,TRUE,40.699337,-73.990531
173,8 Avenue,Inwood - 207th St,A,,,,,,,,,,,,FALSE,40.868072,-73.919899
174,8 Avenue,Spring St,C,E,,,,,,,,,,,TRUE,40.726227,-74.003739
175,8 Avenue,West 4th St - Washington Square,A,B,C,D,E,F,M,,,,,,TRUE,40.732338,-74.000495
176,Archer Av,Jamaica - Van Wyck,E,,,,,,,,,,,,FALSE,40.702566,-73.816859
177,Archer Av,Jamaica Center - Parsons/Archer,E,J,Z,,,,,,,,,,TRUE,40.702147,-73.801109
178,Archer Av,Sutphin Blvd - Archer Av - JFK Airport,E,J,Z,,,,,,,,,,TRUE,40.700486,-73.807969
179,Concourse,155th St,B,D,,,,,,,,,,,TRUE,40.830135,-73.938209
180,Concourse,167th St,B,D,,,,,,,,,,,TRUE,40.833769,-73.918432
181,Concourse,170th St,B,D,,,,,,,,,,,TRUE,40.839306,-73.9134
182,Concourse,174-175th Sts,B,D,,,,,,,,,,,TRUE,40.8459,-73.910136
183,Concourse,182-183rd Sts,B,D,,,,,,,,,,,TRUE,40.856093,-73.900741
184,Concourse,Bedford Park Blvd,B,D,,,,,,,,,,,TRUE,40.873244,-73.887138
185,Concourse,Fordham Rd,B,D,,,,,,,,,,,TRUE,40.861296,-73.897749
186,Concourse,Kingsbridge Rd,B,D,,,,,,,,,,,TRUE,40.866978,-73.893509
187,Concourse,Norwood - 205th St,D,,,,,,,,,,,,FALSE,40.874811,-73.878855
188,Concourse,Tremont Av,B,D,,,,,,,,,,,TRUE,40.85041,-73.905227
189,Crosstown,21st St,G,,,,,,,,,,,,FALSE,40.744065,-73.949724
190,Crosstown,Bedford - Nostrand Avs,G,,,,,,,,,,,,FALSE,40.689627,-73.953522
191,Crosstown,Broadway,G,,,,,,,,,,,,FALSE,40.706092,-73.950308
192,Crosstown,Classon Av,G,,,,,,,,,,,,FALSE,40.688873,-73.96007
193,Crosstown,Clinton - Washington Avs,G,,,,,,,,,,,,FALSE,40.688089,-73.966839
194,Crosstown,Flushing Av,G,,,,,,,,,,,,FALSE,40.700377,-73.950234
195,Crosstown,Fulton St,G,,,,,,,,,,,,FALSE,40.687119,-73.975375
196,Crosstown,Greenpoint Av,G,,,,,,,,,,,,FALSE,40.731352,-73.954449
197,Crosstown,Myrtle - Willoughby Avs,G,,,,,,,,,,,,FALSE,40.694568,-73.949046
198,Crosstown,Nassau Av,G,,,,,,,,,,,,FALSE,40.724635,-73.951277
199,Culver,18th Av,F,,,,,,,,,,,,FALSE,40.629755,-73.976971
200,Culver,Av I,F,,,,,,,,,,,,FALSE,40.625322,-73.976127
201,Culver,Av N,F,,,,,,,,,,,,FALSE,40.61514,-73.974197
202,Culver,Av P,F,,,,,,,,,,,,FALSE,40.608944,-73.973022
203,Culver,Av U,F,,,,,,,,,,,,FALSE,40.596063,-73.973357
204,Culver,Av X,F,,,,,,,,,,,,FALSE,40.58962,-73.97425
205,Culver,Bay Parkway,F,,,,,,,,,,,,FALSE,40.620769,-73.975264
206,Culver,Ditmas Av,F,,,,,,,,,,,,FALSE,40.636119,-73.978172
207,Culver,Kings Highway,F,,,,,,,,,,,,FALSE,40.603217,-73.972361
208,Culver,Neptune Av,F,,,,,,,,,,,,FALSE,40.581011,-73.974574
209,Fulton,Broadway Junction,A,C,L,J,Z,,,,,,,,TRUE,40.678334,-73.905316
210,Fulton,Clinton - Washington Avs,C,,,,,,,,,,,,FALSE,40.683263,-73.965838
211,Fulton,Euclid Av,A,C,,,,,,,,,,,TRUE,40.675377,-73.872106
212,Fulton,Hoyt - Schermerhorn Sts,A,C,G,,,,,,,,,,TRUE,40.688484,-73.985001
213,Fulton,Kingston - Throop Avs,A,C,,,,,,,,,,,TRUE,40.679921,-73.940858
214,Fulton,Lafayette Av,C,,,,,,,,,,,,FALSE,40.686113,-73.973946
215,Fulton,Liberty Av,A,C,,,,,,,,,,,TRUE,40.674542,-73.896548
216,Fulton,Nostrand Av,A,C,,,,,,,,,,,TRUE,40.680438,-73.950426
217,Fulton,Ralph Av,A,C,,,,,,,,,,,TRUE,40.678822,-73.920786
218,Fulton,Rockaway Av,A,C,,,,,,,,,,,TRUE,40.67834,-73.911946
219,Fulton,Shepherd Av,A,C,,,,,,,,,,,TRUE,40.67413,-73.88075
220,Fulton,Utica Av,A,C,,,,,,,,,,,TRUE,40.679364,-73.930729
221,Fulton,Van Siclen Av,A,C,,,,,,,,,,,TRUE,40.67271,-73.890358
222,Liberty,104th St,A,,,,,,,,,,,,FALSE,40.681711,-73.837683
223,Liberty,111th St,A,,,,,,,,,,,,FALSE,40.684331,-73.832163
224,Liberty,80th St,A,,,,,,,,,,,,FALSE,40.679371,-73.858992
225,Liberty,88th St,A,,,,,,,,,,,,FALSE,40.679843,-73.85147
226,Liberty,Grant Av,A,,,,,,,,,,,,FALSE,40.677044,-73.86505
227,Liberty,Ozone Park - Lefferts Blvd,A,,,,,,,,,,,,FALSE,40.685951,-73.825798
228,Liberty,Rockaway Blvd,A,,,,,,,,,,,,FALSE,40.680429,-73.843853
229,Queens Boulevard,169th St,F,,,,,,,,,,,,FALSE,40.71047,-73.793604
230,Queens Boulevard,36th St,M,R,,,,,,,,,,,TRUE,40.752039,-73.928781
231,Queens Boulevard,46th St,M,R,,,,,,,,,,,TRUE,40.756312,-73.913333
232,Queens Boulevard,5th Av - 53rd St,E,M,,,,,,,,,,,TRUE,40.760167,-73.975224
233,Queens Boulevard,63rd Drive - Rego Park,M,R,,,,,,,,,,,TRUE,40.729846,-73.861604
234,Queens Boulevard,65th St,M,R,,,,,,,,,,,TRUE,40.749669,-73.898453
235,Queens Boulevard,67th Av,M,R,,,,,,,,,,,TRUE,40.726523,-73.852719
236,Queens Boulevard,75th Av,E,F,,,,,,,,,,,TRUE,40.718331,-73.837324
237,Queens Boulevard,7th Av,B,D,E,,,,,,,,,,TRUE,40.762862,-73.981637
238,Queens Boulevard,Briarwood - Van Wyck Blvd,F,,,,,,,,,,,,FALSE,40.709179,-73.820574
239,Queens Boulevard,Elmhurst Av,M,R,,,,,,,,,,,TRUE,40.742454,-73.882017
240,Queens Boulevard,Forest Hills - 71st Av,E,F,M,R,,,,,,,,,TRUE,40.721691,-73.844521
241,Queens Boulevard,Grand Av - Newtown,M,R,,,,,,,,,,,TRUE,40.737015,-73.877223
242,Queens Boulevard,Jackson Heights - Roosevelt Ave,E,F,M,R,7,,,,,,,,TRUE,40.746644,-73.891338
243,Queens Boulevard,Jamaica - 179th St,F,,,,,,,,,,,,FALSE,40.712646,-73.783817
244,Queens Boulevard,Kew Gardens - Union Turnpike,E,F,,,,,,,,,,,TRUE,40.714441,-73.831008
245,Queens Boulevard,Lexington Av - 53rd St,E,M,6,,,,,,,,,,TRUE,40.757552,-73.969055
246,Queens Boulevard,Northern Blvd,M,R,,,,,,,,,,,TRUE,40.752885,-73.906006
247,Queens Boulevard,Parsons Blvd,F,,,,,,,,,,,,FALSE,40.707564,-73.803326
248,Queens Boulevard,Queens Plaza,E,M,R,,,,,,,,,,TRUE,40.748973,-73.937243
249,Queens Boulevard,Steinway St,M,R,,,,,,,,,,,TRUE,40.756879,-73.92074
250,Queens Boulevard,Sutphin Blvd,F,,,,,,,,,,,,FALSE,40.70546,-73.810708
251,Queens Boulevard,Woodhaven Blvd,M,R,,,,,,,,,,,TRUE,40.733106,-73.869229
252,Rockaway,Aqueduct - North Conduit Av,A2,A3,,,,,,,,,,,TRUE,40.668234,-73.834058
253,Rockaway,Aqueduct Racetrack,A2,A3,,,,,,,,,,,TRUE,40.672131,-73.835812
254,Rockaway,Beach 105th St,A3,S3,,,,,,,,,,,TRUE,40.583209,-73.827559
255,Rockaway,Beach 25th St,A2,,,,,,,,,,,,FALSE,40.600066,-73.761353
256,Rockaway,Beach 36th St,A2,,,,,,,,,,,,FALSE,40.595398,-73.768175
257,Rockaway,Beach 44th St,A2,,,,,,,,,,,,FALSE,40.592943,-73.776013
258,Rockaway,Beach 60th St,A2,,,,,,,,,,,,FALSE,40.592374,-73.788522
259,Rockaway,Beach 67th St,A2,,,,,,,,,,,,FALSE,40.590927,-73.796924
260,Rockaway,Beach 90th St,A3,S3,,,,,,,,,,,TRUE,40.588034,-73.813641
261,Rockaway,Beach 98th St,A3,S3,,,,,,,,,,,TRUE,40.585307,-73.820558
262,Rockaway,Broad Channel,A3,S3,,,,,,,,,,,TRUE,40.608382,-73.815925
263,Rockaway,Far Rockaway - Mott Av,A2,A3,,,,,,,,,,,TRUE,40.603995,-73.755405
264,Rockaway,Howard Beach - JFK Airport,A2,A3,,,,,,,,,,,TRUE,40.660476,-73.830301
265,Rockaway,Rockaway Park - Beach 116th,A3,S3,,,,,,,,,,,TRUE,40.580903,-73.835592
266,Broadway-7th Ave,103rd St,1,,,,,,,,,,,,FALSE,40.799446,-73.968379
267,Broadway-7th Ave,116th St - Columbia University,1,,,,,,,,,,,,FALSE,40.807722,-73.96411
268,Broadway-7th Ave,125th St,1,,,,,,,,,,,,FALSE,40.815581,-73.958372
269,Broadway-7th Ave,137th St - City College,1,,,,,,,,,,,,FALSE,40.822008,-73.953676
270,Broadway-7th Ave,145th St,1,,,,,,,,,,,,FALSE,40.826551,-73.95036
271,Broadway-7th Ave,157th St,1,,,,,,,,,,,,FALSE,40.834041,-73.94489
272,Broadway-7th Ave,168th St,A,C,1,,,,,,,,,,TRUE,40.840556,-73.940133
273,Broadway-7th Ave,181st St,1,,,,,,,,,,,,FALSE,40.849505,-73.933596
274,Broadway-7th Ave,18th St,1,,,,,,,,,,,,FALSE,40.74104,-73.997871
275,Broadway-7th Ave,191st St,1,,,,,,,,,,,,FALSE,40.855225,-73.929412
276,Broadway-7th Ave,207th St,1,,,,,,,,,,,,FALSE,40.864614,-73.918819
277,Broadway-7th Ave,215th St,1,,,,,,,,,,,,FALSE,40.869444,-73.915279
278,Broadway-7th Ave,231st St,1,,,,,,,,,,,,FALSE,40.878856,-73.904834
279,Broadway-7th Ave,238th St,1,,,,,,,,,,,,FALSE,40.884667,-73.90087
280,Broadway-7th Ave,23rd St,1,,,,,,,,,,,,FALSE,40.744081,-73.995657
281,Broadway-7th Ave,28th St,1,,,,,,,,,,,,FALSE,40.747215,-73.993365
282,Broadway-7th Ave,34th St - Penn Station,1,2,3,,,,,,,,,,TRUE,40.750373,-73.991057
283,Broadway-7th Ave,50th St,1,,,,,,,,,,,,FALSE,40.761728,-73.983849
284,Broadway-7th Ave,66th St - Lincoln Center,1,,,,,,,,,,,,FALSE,40.77344,-73.982209
285,Broadway-7th Ave,72nd St,1,2,3,,,,,,,,,,TRUE,40.778453,-73.98197
286,Broadway-7th Ave,79th St,1,,,,,,,,,,,,FALSE,40.783934,-73.979917
287,Broadway-7th Ave,86th St,1,,,,,,,,,,,,FALSE,40.788644,-73.976218
288,Broadway-7th Ave,96th St,1,2,3,,,,,,,,,,TRUE,40.793919,-73.972323
289,Broadway-7th Ave,Canal St,1,,,,,,,,,,,,FALSE,40.722854,-74.006277
290,Broadway-7th Ave,Cathedral Parkway - 110th St,1,,,,,,,,,,,,FALSE,40.803967,-73.966847
291,Broadway-7th Ave,Chambers St,1,2,3,,,,,,,,,,TRUE,40.715478,-74.009266
292,Broadway-7th Ave,Christopher St,1,,,,,,,,,,,,FALSE,40.733422,-74.002906
293,Broadway-7th Ave,WTC - Cortlandt,1,,,,,,,,,,,,FALSE,-1,-1
294,Broadway-7th Ave,Dyckman St,1,,,,,,,,,,,,FALSE,40.860531,-73.925536
295,Broadway-7th Ave,Franklin St,1,,,,,,,,,,,,FALSE,40.719318,-74.006886
296,Broadway-7th Ave,Houston St,1,,,,,,,,,,,,FALSE,40.728251,-74.005367
297,Broadway-7th Ave,Marble Hill - 225th St,1,,,,,,,,,,,,FALSE,40.874561,-73.909831
298,Broadway-7th Ave,Rector St,1,,,,,,,,,,,,FALSE,40.707513,-74.013783
299,Broadway-7th Ave,Van Cortlandt Park - 242nd St,1,,,,,,,,,,,,FALSE,40.889248,-73.898583
300,Clark,Court St - Borough Hall,R,2,3,4,5,,,,,,,,TRUE,40.693219,-73.989998
301,Clark,Clark St,2,3,,,,,,,,,,,TRUE,40.697466,-73.993086
302,Clark,Fulton St,A,C,J,Z,2,3,4,5,,,,,TRUE,40.709416,-74.006571
303,Clark,Wall St,2,3,,,,,,,,,,,TRUE,40.706821,-74.0091
304,Dyre Av,Baychester Av,5,,,,,,,,,,,,FALSE,40.878663,-73.838591
305,Dyre Av,Eastchester - Dyre Av,5,,,,,,,,,,,,FALSE,40.8883,-73.830834
306,Dyre Av,Gun Hill Rd,5,,,,,,,,,,,,FALSE,40.869526,-73.846384
307,Dyre Av,Morris Park,5,,,,,,,,,,,,FALSE,40.854364,-73.860495
308,Dyre Av,Pelham Parkway,5,,,,,,,,,,,,FALSE,40.858985,-73.855359
309,Eastern Parkway,Bergen St,2,3,,,,,,,,,,,TRUE,40.680829,-73.975098
310,Eastern Parkway,Eastern Parkway - Brooklyn Museum,2,3,,,,,,,,,,,TRUE,40.671987,-73.964375
311,Eastern Parkway,Franklin Av,S2,2,3,4,5,,,,,,,,TRUE,40.670682,-73.958131
312,Eastern Parkway,Grand Army Plaza,2,3,,,,,,,,,,,TRUE,40.675235,-73.971046
313,Eastern Parkway,Hoyt St,2,3,,,,,,,,,,,TRUE,40.690545,-73.985065
314,Eastern Parkway,Kingston Av,3,,,,,,,,,,,,FALSE,40.669399,-73.942161
315,Eastern Parkway,Nevins St,2,3,4,5,,,,,,,,,TRUE,40.688246,-73.980492
316,Eastern Parkway,Nostrand Av,3,,,,,,,,,,,,FALSE,40.669847,-73.950466
317,Eastern Parkway,Utica Av,3,4,,,,,,,,,,,TRUE,40.668897,-73.932942
318,Flushing,103rd St,7,,,,,,,,,,,,FALSE,40.749865,-73.8627
319,Flushing,111th St,7,,,,,,,,,,,,FALSE,40.75173,-73.855334
320,Flushing,34 St - Hudson Yards,7,,,,,,,,,,,,FALSE,40.755882,-74.00191
321,Flushing,Court Sq,E,G,M,7,,,,,,,,,TRUE,40.747023,-73.945264
322,Flushing,82nd St - Jackson Heights,7,,,,,,,,,,,,FALSE,40.747659,-73.883697
323,Flushing,90th St Elmhurst,7,,,,,,,,,,,,FALSE,40.748408,-73.876613
324,Flushing,46th St - Bliss St,7,,,,,,,,,,,,FALSE,40.743132,-73.918435
325,Flushing,69th St - Fisk Av,7,,,,,,,,,,,,FALSE,40.746325,-73.896403
326,Flushing,Flushing - Main St,7,,,,,,,,,,,,FALSE,40.7596,-73.83003
327,Flushing,Grand Central - 42 St,4,5,6,7,S,,,,,,,,TRUE,40.751431,-73.976041
328,Flushing,Hunters Point Av,7,,,,,,,,,,,,FALSE,40.742216,-73.948916
329,Flushing,Junction Blvd,7,,,,,,,,,,,,FALSE,40.749145,-73.869527
330,Flushing,52nd St - Lincoln Av,7,,,,,,,,,,,,FALSE,40.744149,-73.912549
331,Flushing,40th St - Lowery St,7,,,,,,,,,,,,FALSE,40.743781,-73.924016
332,Flushing,Mets - Willets Point,7,,,,,,,,,,,,FALSE,40.754622,-73.845625
333,Flushing,Queensboro Plaza,N,W,7,,,,,,,,,,TRUE,40.750582,-73.940202
334,Flushing,33rd St - Rawson St,7,,,,,,,,,,,,FALSE,40.744587,-73.930997
335,Flushing,Vernon Blvd - Jackson Av,7,,,,,,,,,,,,FALSE,40.742626,-73.953581
336,Flushing,61st St - Woodside,7,,,,,,,,,,,,FALSE,40.74563,-73.902984
337,Jerome,138th St,4,5,,,,,,,,,,,TRUE,40.813224,-73.929849
338,Jerome,149th St - Grand Concourse,2,4,5,,,,,,,,,,TRUE,40.818375,-73.927351
339,Jerome,167th St,4,,,,,,,,,,,,FALSE,40.835537,-73.9214
340,Jerome,170th St,4,,,,,,,,,,,,FALSE,40.840075,-73.917791
341,Jerome,176th St,4,,,,,,,,,,,,FALSE,40.84848,-73.911794
342,Jerome,183rd St,4,,,,,,,,,,,,FALSE,40.858407,-73.903879
343,Jerome,Bedford Park Blvd - Lehman College,4,,,,,,,,,,,,FALSE,40.873412,-73.890064
344,Jerome,Burnside Av,4,,,,,,,,,,,,FALSE,40.853453,-73.907684
345,Jerome,Fordham Rd,4,,,,,,,,,,,,FALSE,40.862803,-73.901034
346,Jerome,Kingsbridge Rd,4,,,,,,,,,,,,FALSE,40.86776,-73.897174
347,Jerome,Mosholu Parkway,4,,,,,,,,,,,,FALSE,40.87975,-73.884655
348,Jerome,Mt Eden Av,4,,,,,,,,,,,,FALSE,40.844434,-73.914685
349,Jerome,Woodlawn,4,,,,,,,,,,,,FALSE,40.886037,-73.878751
350,Jerome,161st St - Yankee Stadium,B ,D,4,,,,,,,,,,TRUE,40.827994,-73.925831
351,Lenox,Central Park North (110 St),2,3,,,,,,,,,,,TRUE,40.799075,-73.951822
352,Lenox,116th St,2,3,,,,,,,,,,,TRUE,40.802098,-73.949625
353,Lenox,125th St,2,3,,,,,,,,,,,TRUE,40.807754,-73.945495
354,Lenox,135th St,2,3,,,,,,,,,,,TRUE,40.814229,-73.94077
355,Lenox,145th St,3,,,,,,,,,,,,FALSE,40.820421,-73.936245
356,Lenox,Harlem - 148th St,3,,,,,,,,,,,,FALSE,40.82388,-73.93647
357,Lexington,103rd St,6,,,,,,,,,,,,FALSE,40.7906,-73.947478
358,Lexington,110th St,6,,,,,,,,,,,,FALSE,40.79502,-73.94425
359,Lexington,116th St,6,,,,,,,,,,,,FALSE,40.798629,-73.941617
360,Lexington,125th St,4,5,6,,,,,,,,,,TRUE,40.804138,-73.937594
361,Lexington,23rd St,6,,,,,,,,,,,,FALSE,40.739864,-73.986599
362,Lexington,28th St,6,,,,,,,,,,,,FALSE,40.74307,-73.984264
363,Lexington,33rd St,6,,,,,,,,,,,,FALSE,40.746081,-73.982076
364,Lexington,51st St,E,M,6,,,,,,,,,,TRUE,40.757107,-73.97192
365,Lexington,68th St - Hunter College,6,,,,,,,,,,,,FALSE,40.768141,-73.96387
366,Lexington,77th St,6,,,,,,,,,,,,FALSE,40.77362,-73.959874
367,Lexington,86th St,4,5,6,,,,,,,,,,TRUE,40.779492,-73.955589
368,Lexington,96th St,6,,,,,,,,,,,,FALSE,40.785672,-73.95107
369,Lexington,Astor Place,6,,,,,,,,,,,,FALSE,40.730054,-73.99107
370,Lexington,Bowling Green,4,5,,,,,,,,,,,TRUE,40.704817,-74.014065
371,Lexington,Brooklyn Bridge - City Hall (Chambers St),J,Z,4,5,6,,,,,,,,TRUE,40.713065,-74.004131
372,Lexington,Spring St,6,,,,,,,,,,,,FALSE,40.722301,-73.997141
373,Lexington,Wall St,4,5,,,,,,,,,,,TRUE,40.707557,-74.011862
374,New Lots,Junius St,3,,,,,,,,,,,,FALSE,40.663515,-73.902447
375,New Lots,New Lots Av,3,,,,,,,,,,,,FALSE,40.666235,-73.884079
376,New Lots,Pennsylvania Av,3,,,,,,,,,,,,FALSE,40.664635,-73.894895
377,New Lots,Rockaway Av,3,,,,,,,,,,,,FALSE,40.662549,-73.908946
378,New Lots,Saratoga Av,3,,,,,,,,,,,,FALSE,40.661453,-73.916327
379,New Lots,Sutter Av,3,,,,,,,,,,,,FALSE,40.664717,-73.92261
380,New Lots,Van Siclen Av,3,,,,,,,,,,,,FALSE,40.665449,-73.889395
381,Nostrand,Beverly Rd,2,5,,,,,,,,,,,TRUE,40.645098,-73.948959
382,Nostrand,Church Av,2,5,,,,,,,,,,,TRUE,40.650843,-73.949575
383,Nostrand,Flatbush Av - Brooklyn College,2,5,,,,,,,,,,,TRUE,40.632836,-73.947642
384,Nostrand,Newkirk Av,2,5,,,,,,,,,,,TRUE,40.639967,-73.948411
385,Nostrand,President St,2,5,,,,,,,,,,,TRUE,40.667883,-73.950683
386,Nostrand,Sterling St,2,5,,,,,,,,,,,TRUE,40.662742,-73.95085
387,Nostrand,Winthrop St,2,5,,,,,,,,,,,TRUE,40.656652,-73.9502
388,Pelham,3rd Ave - 138th St,6,,,,,,,,,,,,FALSE,40.810476,-73.926138
389,Pelham,Brook Av,6,,,,,,,,,,,,FALSE,40.807566,-73.91924
390,Pelham,Buhre Av,6,,,,,,,,,,,,FALSE,40.84681,-73.832569
391,Pelham,Castle Hill Av,6,,,,,,,,,,,,FALSE,40.834255,-73.851222
392,Pelham,Cypress Av,6,,,,,,,,,,,,FALSE,40.805368,-73.914042
393,Pelham,E 143rd St - St Mary's St,6,,,,,,,,,,,,FALSE,40.808719,-73.907657
394,Pelham,E 149th St,6,,,,,,,,,,,,FALSE,40.812118,-73.904098
395,Pelham,Elder Av,6,,,,,,,,,,,,FALSE,40.828584,-73.879159
396,Pelham,Hunts Point Av,6,,,,,,,,,,,,FALSE,40.820948,-73.890549
397,Pelham,Longwood Av,6,,,,,,,,,,,,FALSE,40.816104,-73.896435
398,Pelham,Middletown Rd,6,,,,,,,,,,,,FALSE,40.843863,-73.836322
399,Pelham,Morrison Av - Soundview Av,6,,,,,,,,,,,,FALSE,40.829521,-73.874516
400,Pelham,Parkchester,6,,,,,,,,,,,,FALSE,40.833226,-73.860816
401,Pelham,Pelham Bay Park,6,,,,,,,,,,,,FALSE,40.852462,-73.828121
402,Pelham,St Lawrence Av,6,,,,,,,,,,,,FALSE,40.831509,-73.867618
403,Pelham,Westchester Square - East Tremont Av,6,,,,,,,,,,,,FALSE,40.839892,-73.842952
404,Pelham,Whitlock Av,6,,,,,,,,,,,,FALSE,40.826525,-73.886283
405,Pelham,Zerega Av,6,,,,,,,,,,,,FALSE,40.836488,-73.847036
406,White Plains Road,3rd Av - 149 St,2,5,,,,,,,,,,,TRUE,40.816109,-73.917757
407,White Plains Road,174th St,2,5,,,,,,,,,,,TRUE,40.837288,-73.887734
408,White Plains Road,219th St,2,5,,,,,,,,,,,TRUE,40.883895,-73.862633
409,White Plains Road,225th St,2,5,,,,,,,,,,,TRUE,40.888022,-73.860341
410,White Plains Road,233rd St,2,5,,,,,,,,,,,TRUE,40.893193,-73.857473
411,White Plains Road,Nereid Av,2,5,,,,,,,,,,,TRUE,40.898379,-73.854376
412,White Plains Road,Allerton Av,2,5,,,,,,,,,,,TRUE,40.865462,-73.867352
413,White Plains Road,Bronx Park East,2,5,,,,,,,,,,,TRUE,40.848828,-73.868457
414,White Plains Road,Burke Av,2,5,,,,,,,,,,,TRUE,40.871356,-73.867164
415,White Plains Road,East 180th St,2,5,,,,,,,,,,,TRUE,40.841894,-73.873488
416,White Plains Road,West Farms Sq - East Tremont Av,2,5,,,,,,,,,,,TRUE,40.840295,-73.880049
417,White Plains Road,Freeman St,2,5,,,,,,,,,,,TRUE,40.829993,-73.891865
418,White Plains Road,Gun Hill Rd,2,5,,,,,,,,,,,TRUE,40.87785,-73.866256
419,White Plains Road,Intervale Av,2,5,,,,,,,,,,,TRUE,40.822181,-73.896736
420,White Plains Road,Jackson Av,2,5,,,,,,,,,,,TRUE,40.81649,-73.907807
421,White Plains Road,Pelham Parkway,2,5,,,,,,,,,,,TRUE,40.857192,-73.867615
422,White Plains Road,Prospect Av,2,5,,,,,,,,,,,TRUE,40.819585,-73.90177
423,White Plains Road,Simpson St,2,5,,,,,,,,,,,TRUE,40.824073,-73.893064
424,White Plains Road,Wakefield - 241st St,2,5,,,,,,,,,,,TRUE,40.903125,-73.85062
425,2 Avenue,72nd St,Q,,,,,,,,,,,,FALSE,-1,-1
426,2 Avenue,86th St,Q,,,,,,,,,,,,FALSE,-1,-1
427,2 Avenue,96th St,Q,,,,,,,,,,,,FALSE,-1,-1